"Step","Main - train/mcts_max_length","Main - train/mcts_max_length__MIN","Main - train/mcts_max_length__MAX"
"0","1","1","1"
"1","1","1","1"
"2","1","1","1"
"3","1","1","1"
"4","1","1","1"
"5","1","1","1"
"6","1","1","1"
"7","1","1","1"
"8","1","1","1"
"9","1","1","1"
"10","1","1","1"
"11","1","1","1"
"12","1","1","1"
"13","1","1","1"
"14","1","1","1"
"15","1","1","1"
"16","1","1","1"
"17","1","1","1"
"18","1","1","1"
"19","1","1","1"
"20","1","1","1"
"21","1","1","1"
"22","1","1","1"
"23","1","1","1"
"24","1","1","1"
"25","1","1","1"
"26","1","1","1"
"27","1","1","1"
"28","1","1","1"
"29","1","1","1"
"30","1","1","1"
"31","1","1","1"
"32","1","1","1"
"33","1","1","1"
"34","1","1","1"
"35","1","1","1"
"36","1","1","1"
"37","1","1","1"
"38","1","1","1"
"39","1","1","1"
"40","1","1","1"
"41","1","1","1"
"42","1","1","1"
"43","1","1","1"
"44","1","1","1"
"45","1","1","1"
"46","1","1","1"
"47","1","1","1"
"48","1","1","1"
"49","1","1","1"
"50","1","1","1"
"51","1","1","1"
"52","1","1","1"
"53","1","1","1"
"54","1","1","1"
"55","1","1","1"
"56","1","1","1"
"57","1","1","1"
"58","1","1","1"
"59","1","1","1"
"60","1","1","1"
"61","1","1","1"
"62","1","1","1"
"63","1","1","1"
"64","1","1","1"
"65","1","1","1"
"66","1","1","1"
"67","1","1","1"
"68","1","1","1"
"69","1","1","1"
"70","1","1","1"
"71","1","1","1"
"72","1","1","1"
"73","1","1","1"
"74","1","1","1"
"75","1","1","1"
"76","1","1","1"
"77","1","1","1"
"78","1","1","1"
"79","1","1","1"
"80","1","1","1"
"81","1","1","1"
"82","1","1","1"
"83","1","1","1"
"84","1","1","1"
"85","1","1","1"
"86","1","1","1"
"87","1","1","1"
"88","1","1","1"
"89","1","1","1"
"90","1","1","1"
"91","1","1","1"
"92","1","1","1"
"93","1","1","1"
"94","1","1","1"
"95","1","1","1"
"96","1","1","1"
"97","1","1","1"
"98","1","1","1"
"99","1","1","1"
"100","2","2","2"
"101","2","2","2"
"102","2","2","2"
"103","2","2","2"
"104","2","2","2"
"105","2","2","2"
"106","2","2","2"
"107","2","2","2"
"108","2","2","2"
"109","2","2","2"
"110","2","2","2"
"111","2","2","2"
"112","2","2","2"
"113","2","2","2"
"114","2","2","2"
"115","2","2","2"
"116","2","2","2"
"117","2","2","2"
"118","2","2","2"
"119","2","2","2"
"120","2","2","2"
"121","2","2","2"
"122","2","2","2"
"123","2","2","2"
"124","2","2","2"
"125","2","2","2"
"126","2","2","2"
"127","2","2","2"
"128","2","2","2"
"129","2","2","2"
"130","2","2","2"
"131","2","2","2"
"132","2","2","2"
"133","2","2","2"
"134","2","2","2"
"135","2","2","2"
"136","2","2","2"
"137","2","2","2"
"138","2","2","2"
"139","2","2","2"
"140","2","2","2"
"141","2","2","2"
"142","2","2","2"
"143","2","2","2"
"144","2","2","2"
"145","2","2","2"
"146","2","2","2"
"147","2","2","2"
"148","2","2","2"
"149","2","2","2"
"150","2","2","2"
"151","2","2","2"
"152","2","2","2"
"153","2","2","2"
"154","2","2","2"
"155","2","2","2"
"156","2","2","2"
"157","2","2","2"
"158","2","2","2"
"159","2","2","2"
"160","2","2","2"
"161","2","2","2"
"162","2","2","2"
"163","2","2","2"
"164","2","2","2"
"165","2","2","2"
"166","2","2","2"
"167","2","2","2"
"168","2","2","2"
"169","2","2","2"
"170","2","2","2"
"171","2","2","2"
"172","2","2","2"
"173","2","2","2"
"174","2","2","2"
"175","2","2","2"
"176","2","2","2"
"177","2","2","2"
"178","2","2","2"
"179","2","2","2"
"180","2","2","2"
"181","2","2","2"
"182","2","2","2"
"183","2","2","2"
"184","2","2","2"
"185","2","2","2"
"186","2","2","2"
"187","2","2","2"
"188","2","2","2"
"189","2","2","2"
"190","2","2","2"
"191","2","2","2"
"192","2","2","2"
"193","2","2","2"
"194","2","2","2"
"195","2","2","2"
"196","2","2","2"
"197","2","2","2"
"198","2","2","2"
"199","2","2","2"
"200","3","3","3"
"201","3","3","3"
"202","3","3","3"
"203","3","3","3"
"204","3","3","3"
"205","3","3","3"
"206","3","3","3"
"207","3","3","3"
"208","3","3","3"
"209","3","3","3"
"210","3","3","3"
"211","3","3","3"
"212","3","3","3"
"213","3","3","3"
"214","3","3","3"
"215","3","3","3"
"216","3","3","3"
"217","3","3","3"
"218","3","3","3"
"219","3","3","3"
"220","3","3","3"
"221","3","3","3"
"222","3","3","3"
"223","3","3","3"
"224","3","3","3"
"225","3","3","3"
"226","3","3","3"
"227","3","3","3"
"228","3","3","3"
"229","3","3","3"
"230","3","3","3"
"231","3","3","3"
"232","3","3","3"
"233","3","3","3"
"234","3","3","3"
"235","3","3","3"
"236","3","3","3"
"237","3","3","3"
"238","3","3","3"
"239","3","3","3"
"240","3","3","3"
"241","3","3","3"
"242","3","3","3"
"243","3","3","3"
"244","3","3","3"
"245","3","3","3"
"246","3","3","3"
"247","3","3","3"
"248","3","3","3"
"249","3","3","3"
"250","3","3","3"
"251","3","3","3"
"252","3","3","3"
"253","3","3","3"
"254","3","3","3"
"255","3","3","3"
"256","3","3","3"
"257","3","3","3"
"258","3","3","3"
"259","3","3","3"
"260","3","3","3"
"261","3","3","3"
"262","3","3","3"
"263","3","3","3"
"264","3","3","3"
"265","3","3","3"
"266","3","3","3"
"267","3","3","3"
"268","3","3","3"
"269","3","3","3"
"270","3","3","3"
"271","3","3","3"
"272","3","3","3"
"273","3","3","3"
"274","3","3","3"
"275","3","3","3"
"276","3","3","3"
"277","3","3","3"
"278","3","3","3"
"279","3","3","3"
"280","3","3","3"
"281","3","3","3"
"282","3","3","3"
"283","3","3","3"
"284","3","3","3"
"285","3","3","3"
"286","3","3","3"
"287","3","3","3"
"288","3","3","3"
"289","3","3","3"
"290","3","3","3"
"291","3","3","3"
"292","3","3","3"
"293","3","3","3"
"294","3","3","3"
"295","3","3","3"
"296","3","3","3"
"297","3","3","3"
"298","3","3","3"
"299","3","3","3"
"300","4","4","4"
"301","4","4","4"
"302","4","4","4"
"303","4","4","4"
"304","4","4","4"
"305","4","4","4"
"306","4","4","4"
"307","4","4","4"
"308","4","4","4"
"309","4","4","4"
"310","4","4","4"
"311","4","4","4"
"312","4","4","4"
"313","4","4","4"
"314","4","4","4"
"315","4","4","4"
"316","4","4","4"
"317","4","4","4"
"318","4","4","4"
"319","4","4","4"
"320","4","4","4"
"321","4","4","4"
"322","4","4","4"
"323","4","4","4"
"324","4","4","4"
"325","4","4","4"
"326","4","4","4"
"327","4","4","4"
"328","4","4","4"
"329","4","4","4"
"330","4","4","4"
"331","4","4","4"
"332","4","4","4"
"333","4","4","4"
"334","4","4","4"
"335","4","4","4"
"336","4","4","4"
"337","4","4","4"
"338","4","4","4"
"339","4","4","4"
"340","4","4","4"
"341","4","4","4"
"342","4","4","4"
"343","4","4","4"
"344","4","4","4"
"345","4","4","4"
"346","4","4","4"
"347","4","4","4"
"348","4","4","4"
"349","4","4","4"
"350","4","4","4"
"351","4","4","4"
"352","4","4","4"
"353","4","4","4"
"354","4","4","4"
"355","4","4","4"
"356","4","4","4"
"357","4","4","4"
"358","4","4","4"
"359","4","4","4"
"360","4","4","4"
"361","4","4","4"
"362","4","4","4"
"363","4","4","4"
"364","4","4","4"
"365","4","4","4"
"366","4","4","4"
"367","4","4","4"
"368","4","4","4"
"369","4","4","4"
"370","4","4","4"
"371","4","4","4"
"372","4","4","4"
"373","4","4","4"
"374","4","4","4"
"375","4","4","4"
"376","4","4","4"
"377","4","4","4"
"378","4","4","4"
"379","4","4","4"
"380","4","4","4"
"381","4","4","4"
"382","4","4","4"
"383","4","4","4"
"384","4","4","4"
"385","4","4","4"
"386","4","4","4"
"387","4","4","4"
"388","4","4","4"
"389","4","4","4"
"390","4","4","4"
"391","4","4","4"
"392","4","4","4"
"393","4","4","4"
"394","4","4","4"
"395","4","4","4"
"396","4","4","4"
"397","4","4","4"
"398","4","4","4"
"399","4","4","4"
"400","5","5","5"
"401","5","5","5"
"402","5","5","5"
"403","5","5","5"
"404","5","5","5"
"405","5","5","5"
"406","5","5","5"
"407","5","5","5"
"408","5","5","5"
"409","5","5","5"
"410","5","5","5"
"411","5","5","5"
"412","5","5","5"
"413","5","5","5"
"414","5","5","5"
"415","5","5","5"
"416","5","5","5"
"417","5","5","5"
"418","5","5","5"
"419","5","5","5"
"420","5","5","5"
"421","5","5","5"
"422","5","5","5"
"423","5","5","5"
"424","5","5","5"
"425","5","5","5"
"426","5","5","5"
"427","5","5","5"
"428","5","5","5"
"429","5","5","5"
"430","5","5","5"
"431","5","5","5"
"432","5","5","5"
"433","5","5","5"
"434","5","5","5"
"435","5","5","5"
"436","5","5","5"
"437","5","5","5"
"438","5","5","5"
"439","5","5","5"
"440","5","5","5"
"441","5","5","5"
"442","5","5","5"
"443","5","5","5"
"444","5","5","5"
"445","5","5","5"
"446","5","5","5"
"447","5","5","5"
"448","5","5","5"
"449","5","5","5"
"450","5","5","5"
"451","5","5","5"
"452","5","5","5"
"453","5","5","5"
"454","5","5","5"
"455","5","5","5"
"456","5","5","5"
"457","5","5","5"
"458","5","5","5"
"459","5","5","5"
"460","5","5","5"
"461","5","5","5"
"462","5","5","5"
"463","5","5","5"
"464","5","5","5"
"465","5","5","5"
"466","5","5","5"
"467","5","5","5"
"468","5","5","5"
"469","5","5","5"
"470","5","5","5"
"471","5","5","5"
"472","5","5","5"
"473","5","5","5"
"474","5","5","5"
"475","5","5","5"
"476","5","5","5"
"477","5","5","5"
"478","5","5","5"
"479","5","5","5"
"480","5","5","5"
"481","5","5","5"
"482","5","5","5"
"483","5","5","5"
"484","5","5","5"
"485","5","5","5"
"486","5","5","5"
"487","5","5","5"
"488","5","5","5"
"489","5","5","5"
"490","5","5","5"
"491","5","5","5"
"492","5","5","5"
"493","5","5","5"
"494","5","5","5"
"495","5","5","5"
"496","5","5","5"
"497","5","5","5"
"498","5","5","5"
"499","5","5","5"
"500","6","6","6"
"501","6","6","6"
"502","6","6","6"
"503","6","6","6"
"504","6","6","6"
"505","6","6","6"
"506","6","6","6"
"507","6","6","6"
"508","6","6","6"
"509","6","6","6"
"510","6","6","6"
"511","6","6","6"
"512","6","6","6"
"513","6","6","6"
"514","6","6","6"
"515","6","6","6"
"516","6","6","6"
"517","6","6","6"
"518","6","6","6"
"519","6","6","6"
"520","6","6","6"
"521","6","6","6"
"522","6","6","6"
"523","6","6","6"
"524","6","6","6"
"525","6","6","6"
"526","6","6","6"
"527","6","6","6"
"528","6","6","6"
"529","6","6","6"
"530","6","6","6"
"531","6","6","6"
"532","6","6","6"
"533","6","6","6"
"534","6","6","6"
"535","6","6","6"
"536","6","6","6"
"537","6","6","6"
"538","6","6","6"
"539","6","6","6"
"540","6","6","6"
"541","6","6","6"
"542","6","6","6"
"543","6","6","6"
"544","6","6","6"
"545","6","6","6"
"546","6","6","6"
"547","6","6","6"
"548","6","6","6"
"549","6","6","6"
"550","6","6","6"
"551","6","6","6"
"552","6","6","6"
"553","6","6","6"
"554","6","6","6"
"555","6","6","6"
"556","6","6","6"
"557","6","6","6"
"558","6","6","6"
"559","6","6","6"
"560","6","6","6"
"561","6","6","6"
"562","6","6","6"
"563","6","6","6"
"564","6","6","6"
"565","6","6","6"
"566","6","6","6"
"567","6","6","6"
"568","6","6","6"
"569","6","6","6"
"570","6","6","6"
"571","6","6","6"
"572","6","6","6"
"573","6","6","6"
"574","6","6","6"
"575","6","6","6"
"576","6","6","6"
"577","6","6","6"
"578","6","6","6"
"579","6","6","6"
"580","6","6","6"
"581","6","6","6"
"582","6","6","6"
"583","6","6","6"
"584","6","6","6"
"585","6","6","6"
"586","6","6","6"
"587","6","6","6"
"588","6","6","6"
"589","6","6","6"
"590","6","6","6"
"591","6","6","6"
"592","6","6","6"
"593","6","6","6"
"594","6","6","6"
"595","6","6","6"
"596","6","6","6"
"597","6","6","6"
"598","6","6","6"
"599","6","6","6"
"600","7","7","7"
"601","7","7","7"
"602","7","7","7"
"603","7","7","7"
"604","7","7","7"
"605","7","7","7"
"606","7","7","7"
"607","7","7","7"
"608","7","7","7"
"609","7","7","7"
"610","7","7","7"
"611","7","7","7"
"612","7","7","7"
"613","7","7","7"
"614","7","7","7"
"615","7","7","7"
"616","7","7","7"
"617","7","7","7"
"618","7","7","7"
"619","7","7","7"
"620","7","7","7"
"621","7","7","7"
"622","7","7","7"
"623","7","7","7"
"624","7","7","7"
"625","7","7","7"
"626","7","7","7"
"627","7","7","7"
"628","7","7","7"
"629","7","7","7"
"630","7","7","7"
"631","7","7","7"
"632","7","7","7"
"633","7","7","7"
"634","7","7","7"
"635","7","7","7"
"636","7","7","7"
"637","7","7","7"
"638","7","7","7"
"639","7","7","7"
"640","7","7","7"
"641","7","7","7"
"642","7","7","7"
"643","7","7","7"
"644","7","7","7"
"645","7","7","7"
"646","7","7","7"
"647","7","7","7"
"648","7","7","7"
"649","7","7","7"
"650","7","7","7"
"651","7","7","7"
"652","7","7","7"
"653","7","7","7"
"654","7","7","7"
"655","7","7","7"
"656","7","7","7"
"657","7","7","7"
"658","7","7","7"
"659","7","7","7"
"660","7","7","7"
"661","7","7","7"
"662","7","7","7"
"663","7","7","7"
"664","7","7","7"
"665","7","7","7"
"666","7","7","7"
"667","7","7","7"
"668","7","7","7"
"669","7","7","7"
"670","7","7","7"
"671","7","7","7"
"672","7","7","7"
"673","7","7","7"
"674","7","7","7"
"675","7","7","7"
"676","7","7","7"
"677","7","7","7"
"678","7","7","7"
"679","7","7","7"
"680","7","7","7"
"681","7","7","7"
"682","7","7","7"
"683","7","7","7"
"684","7","7","7"
"685","7","7","7"
"686","7","7","7"
"687","7","7","7"
"688","7","7","7"
"689","7","7","7"
"690","7","7","7"
"691","7","7","7"
"692","7","7","7"
"693","7","7","7"
"694","7","7","7"
"695","7","7","7"
"696","7","7","7"
"697","7","7","7"
"698","7","7","7"
"699","7","7","7"
"700","8","8","8"
"701","8","8","8"
"702","8","8","8"
"703","8","8","8"
"704","8","8","8"
"705","8","8","8"
"706","8","8","8"
"707","8","8","8"
"708","8","8","8"
"709","8","8","8"
"710","8","8","8"
"711","8","8","8"
"712","8","8","8"
"713","8","8","8"
"714","8","8","8"
"715","8","8","8"
"716","8","8","8"
"717","8","8","8"
"718","8","8","8"
"719","8","8","8"
"720","8","8","8"
"721","8","8","8"
"722","8","8","8"
"723","8","8","8"
"724","8","8","8"
"725","8","8","8"
"726","8","8","8"
"727","8","8","8"
"728","8","8","8"
"729","8","8","8"
"730","8","8","8"
"731","8","8","8"
"732","8","8","8"
"733","8","8","8"
"734","8","8","8"
"735","8","8","8"
"736","8","8","8"
"737","8","8","8"
"738","8","8","8"
"739","8","8","8"
"740","8","8","8"
"741","8","8","8"
"742","8","8","8"
"743","8","8","8"
"744","8","8","8"
"745","8","8","8"
"746","8","8","8"
"747","8","8","8"
"748","8","8","8"
"749","8","8","8"
"750","8","8","8"
"751","8","8","8"
"752","8","8","8"
"753","8","8","8"
"754","8","8","8"
"755","8","8","8"
"756","8","8","8"
"757","8","8","8"
"758","8","8","8"
"759","8","8","8"
"760","8","8","8"
"761","8","8","8"
"762","8","8","8"
"763","8","8","8"
"764","8","8","8"
"765","8","8","8"
"766","8","8","8"
"767","8","8","8"
"768","8","8","8"
"769","8","8","8"
"770","8","8","8"
"771","8","8","8"
"772","8","8","8"
"773","8","8","8"
"774","8","8","8"
"775","8","8","8"
"776","8","8","8"
"777","8","8","8"
"778","8","8","8"
"779","8","8","8"
"780","8","8","8"
"781","8","8","8"
"782","8","8","8"
"783","8","8","8"
"784","8","8","8"
"785","8","8","8"
"786","8","8","8"
"787","8","8","8"
"788","8","8","8"
"789","8","8","8"
"790","8","8","8"
"791","8","8","8"
"792","8","8","8"
"793","8","8","8"
"794","8","8","8"
"795","8","8","8"
"796","8","8","8"
"797","8","8","8"
"798","8","8","8"
"799","8","8","8"
"800","9","9","9"
"801","9","9","9"
"802","9","9","9"
"803","9","9","9"
"804","9","9","9"
"805","9","9","9"
"806","9","9","9"
"807","9","9","9"
"808","9","9","9"
"809","9","9","9"
"810","9","9","9"
"811","9","9","9"
"812","9","9","9"
"813","9","9","9"
"814","9","9","9"
"815","9","9","9"
"816","9","9","9"
"817","9","9","9"
"818","9","9","9"
"819","9","9","9"
"820","9","9","9"
"821","9","9","9"
"822","9","9","9"
"823","9","9","9"
"824","9","9","9"
"825","9","9","9"
"826","9","9","9"
"827","9","9","9"
"828","9","9","9"
"829","9","9","9"
"830","9","9","9"
"831","9","9","9"
"832","9","9","9"
"833","9","9","9"
"834","9","9","9"
"835","9","9","9"
"836","9","9","9"
"837","9","9","9"
"838","9","9","9"
"839","9","9","9"
"840","9","9","9"
"841","9","9","9"
"842","9","9","9"
"843","9","9","9"
"844","9","9","9"
"845","9","9","9"
"846","9","9","9"
"847","9","9","9"
"848","9","9","9"
"849","9","9","9"
"850","9","9","9"
"851","9","9","9"
"852","9","9","9"
"853","9","9","9"
"854","9","9","9"
"855","9","9","9"
"856","9","9","9"
"857","9","9","9"
"858","9","9","9"
"859","9","9","9"
"860","9","9","9"
"861","9","9","9"
"862","9","9","9"
"863","9","9","9"
"864","9","9","9"
"865","9","9","9"
"866","9","9","9"
"867","9","9","9"
"868","9","9","9"
"869","9","9","9"
"870","9","9","9"
"871","9","9","9"
"872","9","9","9"
"873","9","9","9"
"874","9","9","9"
"875","9","9","9"
"876","9","9","9"
"877","9","9","9"
"878","9","9","9"
"879","9","9","9"
"880","9","9","9"
"881","9","9","9"
"882","9","9","9"
"883","9","9","9"
"884","9","9","9"
"885","9","9","9"
"886","9","9","9"
"887","9","9","9"
"888","9","9","9"
"889","9","9","9"
"890","9","9","9"
"891","9","9","9"
"892","9","9","9"
"893","9","9","9"
"894","9","9","9"
"895","9","9","9"
"896","9","9","9"
"897","9","9","9"
"898","9","9","9"
"899","9","9","9"
"900","10","10","10"
"901","10","10","10"
"902","10","10","10"
"903","10","10","10"
"904","10","10","10"
"905","10","10","10"
"906","10","10","10"
"907","10","10","10"
"908","10","10","10"
"909","10","10","10"
"910","10","10","10"
"911","10","10","10"
"912","10","10","10"
"913","10","10","10"
"914","10","10","10"
"915","10","10","10"
"916","10","10","10"
"917","10","10","10"
"918","10","10","10"
"919","10","10","10"
"920","10","10","10"
"921","10","10","10"
"922","10","10","10"
"923","10","10","10"
"924","10","10","10"
"925","10","10","10"
"926","10","10","10"
"927","10","10","10"
"928","10","10","10"
"929","10","10","10"
"930","10","10","10"
"931","10","10","10"
"932","10","10","10"
"933","10","10","10"
"934","10","10","10"
"935","10","10","10"
"936","10","10","10"
"937","10","10","10"
"938","10","10","10"
"939","10","10","10"
"940","10","10","10"
"941","10","10","10"
"942","10","10","10"
"943","10","10","10"
"944","10","10","10"
"945","10","10","10"
"946","10","10","10"
"947","10","10","10"
"948","10","10","10"
"949","10","10","10"
"950","10","10","10"
"951","10","10","10"
"952","10","10","10"
"953","10","10","10"
"954","10","10","10"
"955","10","10","10"
"956","10","10","10"
"957","10","10","10"
"958","10","10","10"
"959","10","10","10"
"960","10","10","10"
"961","10","10","10"
"962","10","10","10"
"963","10","10","10"
"964","10","10","10"
"965","10","10","10"
"966","10","10","10"
"967","10","10","10"
"968","10","10","10"
"969","10","10","10"
"970","10","10","10"
"971","10","10","10"
"972","10","10","10"
"973","10","10","10"
"974","10","10","10"
"975","10","10","10"
"976","10","10","10"
"977","10","10","10"
"978","10","10","10"
"979","10","10","10"
"980","10","10","10"
"981","10","10","10"
"982","10","10","10"
"983","10","10","10"
"984","10","10","10"
"985","10","10","10"
"986","10","10","10"
"987","10","10","10"
"988","10","10","10"
"989","10","10","10"
"990","10","10","10"
"991","10","10","10"
"992","10","10","10"
"993","10","10","10"
"994","10","10","10"
"995","10","10","10"
"996","10","10","10"
"997","10","10","10"
"998","10","10","10"
"999","10","10","10"
"1000","11","11","11"
"1001","11","11","11"
"1002","11","11","11"
"1003","11","11","11"
"1004","11","11","11"
"1005","11","11","11"
"1006","11","11","11"
"1007","11","11","11"
"1008","11","11","11"
"1009","11","11","11"
"1010","11","11","11"
"1011","11","11","11"
"1012","11","11","11"
"1013","11","11","11"
"1014","11","11","11"
"1015","11","11","11"
"1016","11","11","11"
"1017","11","11","11"
"1018","11","11","11"
"1019","11","11","11"
"1020","11","11","11"
"1021","11","11","11"
"1022","11","11","11"
"1023","11","11","11"
"1024","11","11","11"
"1025","11","11","11"
"1026","11","11","11"
"1027","11","11","11"
"1028","11","11","11"
"1029","11","11","11"
"1030","11","11","11"
"1031","11","11","11"
"1032","11","11","11"
"1033","11","11","11"
"1034","11","11","11"
"1035","11","11","11"
"1036","11","11","11"
"1037","11","11","11"
"1038","11","11","11"
"1039","11","11","11"
"1040","11","11","11"
"1041","11","11","11"
"1042","11","11","11"
"1043","11","11","11"
"1044","11","11","11"
"1045","11","11","11"
"1046","11","11","11"
"1047","11","11","11"
"1048","11","11","11"
"1049","11","11","11"
"1050","11","11","11"
"1051","11","11","11"
"1052","11","11","11"
"1053","11","11","11"
"1054","11","11","11"
"1055","11","11","11"
"1056","11","11","11"
"1057","11","11","11"
"1058","11","11","11"
"1059","11","11","11"
"1060","11","11","11"
"1061","11","11","11"
"1062","11","11","11"
"1063","11","11","11"
"1064","11","11","11"
"1065","11","11","11"
"1066","11","11","11"
"1067","11","11","11"
"1068","11","11","11"
"1069","11","11","11"
"1070","11","11","11"
"1071","11","11","11"
"1072","11","11","11"
"1073","11","11","11"
"1074","11","11","11"
"1075","11","11","11"
"1076","11","11","11"
"1077","11","11","11"
"1078","11","11","11"
"1079","11","11","11"
"1080","11","11","11"
"1081","11","11","11"
"1082","11","11","11"
"1083","11","11","11"
"1084","11","11","11"
"1085","11","11","11"
"1086","11","11","11"
"1087","11","11","11"
"1088","11","11","11"
"1089","11","11","11"
"1090","11","11","11"
"1091","11","11","11"
"1092","11","11","11"
"1093","11","11","11"
"1094","11","11","11"
"1095","11","11","11"
"1096","11","11","11"
"1097","11","11","11"
"1098","11","11","11"
"1099","11","11","11"
"1100","12","12","12"
"1101","12","12","12"
"1102","12","12","12"
"1103","12","12","12"
"1104","12","12","12"
"1105","12","12","12"
"1106","12","12","12"
"1107","12","12","12"
"1108","12","12","12"
"1109","12","12","12"
"1110","12","12","12"
"1111","12","12","12"
"1112","12","12","12"
"1113","12","12","12"
"1114","12","12","12"
"1115","12","12","12"
"1116","12","12","12"
"1117","12","12","12"
"1118","12","12","12"
"1119","12","12","12"
"1120","12","12","12"
"1121","12","12","12"
"1122","12","12","12"
"1123","12","12","12"
"1124","12","12","12"
"1125","12","12","12"
"1126","12","12","12"
"1127","12","12","12"
"1128","12","12","12"
"1129","12","12","12"
"1130","12","12","12"
"1131","12","12","12"
"1132","12","12","12"
"1133","12","12","12"
"1134","12","12","12"
"1135","12","12","12"
"1136","12","12","12"
"1137","12","12","12"
"1138","12","12","12"
"1139","12","12","12"
"1140","12","12","12"
"1141","12","12","12"
"1142","12","12","12"
"1143","12","12","12"
"1144","12","12","12"
"1145","12","12","12"
"1146","12","12","12"
"1147","12","12","12"
"1148","12","12","12"
"1149","12","12","12"
"1150","12","12","12"
"1151","12","12","12"
"1152","12","12","12"
"1153","12","12","12"
"1154","12","12","12"
"1155","12","12","12"
"1156","12","12","12"
"1157","12","12","12"
"1158","12","12","12"
"1159","12","12","12"
"1160","12","12","12"
"1161","12","12","12"
"1162","12","12","12"
"1163","12","12","12"
"1164","12","12","12"
"1165","12","12","12"
"1166","12","12","12"
"1167","12","12","12"
"1168","12","12","12"
"1169","12","12","12"
"1170","12","12","12"
"1171","12","12","12"
"1172","12","12","12"
"1173","12","12","12"
"1174","12","12","12"
"1175","12","12","12"
"1176","12","12","12"
"1177","12","12","12"
"1178","12","12","12"
"1179","12","12","12"
"1180","12","12","12"
"1181","12","12","12"
"1182","12","12","12"
"1183","12","12","12"
"1184","12","12","12"
"1185","12","12","12"
"1186","12","12","12"
"1187","12","12","12"
"1188","12","12","12"
"1189","12","12","12"
"1190","12","12","12"
"1191","12","12","12"
"1192","12","12","12"
"1193","12","12","12"
"1194","12","12","12"
"1195","12","12","12"
"1196","12","12","12"
"1197","12","12","12"
"1198","12","12","12"
"1199","12","12","12"
"1200","13","13","13"
"1201","13","13","13"
"1202","13","13","13"
"1203","13","13","13"
"1204","13","13","13"
"1205","13","13","13"
"1206","13","13","13"
"1207","13","13","13"
"1208","13","13","13"
"1209","13","13","13"
"1210","13","13","13"
"1211","13","13","13"
"1212","13","13","13"
"1213","13","13","13"
"1214","13","13","13"
"1215","13","13","13"
"1216","13","13","13"
"1217","13","13","13"
"1218","13","13","13"
"1219","13","13","13"
"1220","13","13","13"
"1221","13","13","13"
"1222","13","13","13"
"1223","13","13","13"
"1224","13","13","13"
"1225","13","13","13"
"1226","13","13","13"
"1227","13","13","13"
"1228","13","13","13"
"1229","13","13","13"
"1230","13","13","13"
"1231","13","13","13"
"1232","13","13","13"
"1233","13","13","13"
"1234","13","13","13"
"1235","13","13","13"
"1236","13","13","13"
"1237","13","13","13"
"1238","13","13","13"
"1239","13","13","13"
"1240","13","13","13"
"1241","13","13","13"
"1242","13","13","13"
"1243","13","13","13"
"1244","13","13","13"
"1245","13","13","13"
"1246","13","13","13"
"1247","13","13","13"
"1248","13","13","13"
"1249","13","13","13"
"1250","13","13","13"
"1251","13","13","13"
"1252","13","13","13"
"1253","13","13","13"
"1254","13","13","13"
"1255","13","13","13"
"1256","13","13","13"
"1257","13","13","13"
"1258","13","13","13"
"1259","13","13","13"
"1260","13","13","13"
"1261","13","13","13"
"1262","13","13","13"
"1263","13","13","13"
"1264","13","13","13"
"1265","13","13","13"
"1266","13","13","13"
"1267","13","13","13"
"1268","13","13","13"
"1269","13","13","13"
"1270","13","13","13"
"1271","13","13","13"
"1272","13","13","13"
"1273","13","13","13"
"1274","13","13","13"
"1275","13","13","13"
"1276","13","13","13"
"1277","13","13","13"
"1278","13","13","13"
"1279","13","13","13"
"1280","13","13","13"
"1281","13","13","13"
"1282","13","13","13"
"1283","13","13","13"
"1284","13","13","13"
"1285","13","13","13"
"1286","13","13","13"
"1287","13","13","13"
"1288","13","13","13"
"1289","13","13","13"
"1290","13","13","13"
"1291","13","13","13"
"1292","13","13","13"
"1293","13","13","13"
"1294","13","13","13"
"1295","13","13","13"
"1296","13","13","13"
"1297","13","13","13"
"1298","13","13","13"
"1299","13","13","13"
"1300","14","14","14"
"1301","14","14","14"
"1302","14","14","14"
"1303","14","14","14"
"1304","14","14","14"
"1305","14","14","14"
"1306","14","14","14"
"1307","14","14","14"
"1308","14","14","14"
"1309","14","14","14"
"1310","14","14","14"
"1311","14","14","14"
"1312","14","14","14"
"1313","14","14","14"
"1314","14","14","14"
"1315","14","14","14"
"1316","14","14","14"
"1317","14","14","14"
"1318","14","14","14"
"1319","14","14","14"
"1320","14","14","14"
"1321","14","14","14"
"1322","14","14","14"
"1323","14","14","14"
"1324","14","14","14"
"1325","14","14","14"
"1326","14","14","14"
"1327","14","14","14"
"1328","14","14","14"
"1329","14","14","14"
"1330","14","14","14"
"1331","14","14","14"
"1332","14","14","14"
"1333","14","14","14"
"1334","14","14","14"
"1335","14","14","14"
"1336","14","14","14"
"1337","14","14","14"
"1338","14","14","14"
"1339","14","14","14"
"1340","14","14","14"
"1341","14","14","14"
"1342","14","14","14"
"1343","14","14","14"
"1344","14","14","14"
"1345","14","14","14"
"1346","14","14","14"
"1347","14","14","14"
"1348","14","14","14"
"1349","14","14","14"
"1350","14","14","14"
"1351","14","14","14"
"1352","14","14","14"
"1353","14","14","14"
"1354","14","14","14"
"1355","14","14","14"
"1356","14","14","14"
"1357","14","14","14"
"1358","14","14","14"
"1359","14","14","14"
"1360","14","14","14"
"1361","14","14","14"
"1362","14","14","14"
"1363","14","14","14"
"1364","14","14","14"
"1365","14","14","14"
"1366","14","14","14"
"1367","14","14","14"
"1368","14","14","14"
"1369","14","14","14"
"1370","14","14","14"
"1371","14","14","14"
"1372","14","14","14"
"1373","14","14","14"
"1374","14","14","14"
"1375","14","14","14"
"1376","14","14","14"
"1377","14","14","14"
"1378","14","14","14"
"1379","14","14","14"
"1380","14","14","14"
"1381","14","14","14"
"1382","14","14","14"
"1383","14","14","14"
"1384","14","14","14"
"1385","14","14","14"
"1386","14","14","14"
"1387","14","14","14"
"1388","14","14","14"
"1389","14","14","14"
"1390","14","14","14"
"1391","14","14","14"
"1392","14","14","14"
"1393","14","14","14"
"1394","14","14","14"
"1395","14","14","14"
"1396","14","14","14"
"1397","14","14","14"
"1398","14","14","14"
"1399","14","14","14"
"1400","15","15","15"
"1401","15","15","15"
"1402","15","15","15"
"1403","15","15","15"
"1404","15","15","15"
"1405","15","15","15"
"1406","15","15","15"
"1407","15","15","15"
"1408","15","15","15"
"1409","15","15","15"
"1410","15","15","15"
"1411","15","15","15"
"1412","15","15","15"
"1413","15","15","15"
"1414","15","15","15"
"1415","15","15","15"